displacement	direction	duration
0.270614897641875	-0.0336384943346223	2.8207891226173
0.336682828419106	0.168311695213507	2.7611154819445
0.563148701707069	0.130455090752556	5.86253199583409
0.238253438663537	-0.170095956344248	2.27404954996589
0.599993770138054	-0.0154825192169228	6.31089070143021
0.447019180910582	0.033742671614105	4.1287708141225
0.285524258258749	0.318880413687832	3.061096486408
0.0379809951151625	1.36714636650192	0.245145767088502
0.0173072521401346	0.172902529458291	0.396749070419588
